[
  {
    "name": "student",
    "fields": [
      {
        "name": "name",
        "type": "text",
        "description": "Full Name of the student",
        "options": null
      },
      {
        "name": "regNumber",
        "type": "text",
        "description": "Unique Registration Number",
        "options": null
      },
      {
        "name": "email",
        "type": "text",
        "description": "Email Address",
        "options": null
      },
      {
        "name": "phone",
        "type": "text",
        "description": "Phone Number",
        "options": null
      },
      {
        "name": "address",
        "type": "text",
        "description": "Residential Address",
        "options": null
      },
      {
        "name": "stateOrigin",
        "type": "text",
        "description": "State of Origin",
        "options": null
      },
      {
        "name": "lga",
        "type": "text",
        "description": "Local Government Area",
        "options": null
      },
      {
        "name": "passport",
        "type": "text",
        "description": "Base64 string of passport image",
        "options": null
      },
      {
        "name": "registeredAt",
        "type": "datetime",
        "description": "Date of registration",
        "options": null
      },
      {
        "name": "department",
        "type": "text",
        "description": "Student Department",
        "options": null
      },
      {
        "name": "selectedSubjects",
        "type": "array",
        "description": "Subjects selected during registration",
        "options": [
          "text"
        ]
      },
      {
        "name": "isActivated",
        "type": "bool",
        "description": "Whether the student has completed activation",
        "options": null
      }
    ]
  },
  {
    "name": "test",
    "fields": [
      {
        "name": "title",
        "type": "text",
        "description": "Title of the test",
        "options": null
      },
      {
        "name": "code",
        "type": "text",
        "description": "Unique Test Code",
        "options": null
      },
      {
        "name": "startTime",
        "type": "datetime",
        "description": "Start Access Time",
        "options": null
      },
      {
        "name": "endTime",
        "type": "datetime",
        "description": "End Access Time",
        "options": null
      },
      {
        "name": "duration",
        "type": "number",
        "description": "Duration in minutes",
        "options": null
      },
      {
        "name": "subjects",
        "type": "array",
        "description": "List of subjects and questions",
        "options": [
          "json"
        ]
      },
      {
        "name": "assignedStudents",
        "type": "array",
        "description": "List of regNumbers allowed to take this test",
        "options": [
          "text"
        ]
      }
    ]
  },
  {
    "name": "result",
    "fields": [
      {
        "name": "studentId",
        "type": "text",
        "description": "Registration Number",
        "options": null
      },
      {
        "name": "studentName",
        "type": "text",
        "description": "Name of student",
        "options": null
      },
      {
        "name": "testId",
        "type": "text",
        "description": "ID of the test",
        "options": null
      },
      {
        "name": "testCode",
        "type": "text",
        "description": "Code of the test",
        "options": null
      },
      {
        "name": "subject",
        "type": "text",
        "description": "Subject Name",
        "options": null
      },
      {
        "name": "score",
        "type": "number",
        "description": "Score obtained",
        "options": null
      },
      {
        "name": "date",
        "type": "datetime",
        "description": "Date of exam",
        "options": null
      },
      {
        "name": "approved",
        "type": "bool",
        "description": "Whether the result is approved by admin",
        "options": null
      },
      {
        "name": "printedCount",
        "type": "number",
        "description": "Number of times result has been printed",
        "options": null
      }
    ]
  },
  {
    "name": "system_settings",
    "fields": [
      {
        "name": "key",
        "type": "text",
        "description": "Setting Key (e.g. registration_open)",
        "options": null
      },
      {
        "name": "value",
        "type": "text",
        "description": "Setting Value",
        "options": null
      }
    ]
  },
  {
    "name": "monitoring_session",
    "fields": [
      {
        "name": "studentId",
        "type": "text",
        "description": "Registration Number of the student",
        "options": null
      },
      {
        "name": "name",
        "type": "text",
        "description": "Student Name",
        "options": null
      },
      {
        "name": "testCode",
        "type": "text",
        "description": "Current Test Code",
        "options": null
      },
      {
        "name": "status",
        "type": "text",
        "description": "Current Status (Active, Verified, etc)",
        "options": null
      },
      {
        "name": "snapshot",
        "type": "text",
        "description": "Base64 Snapshot Image",
        "options": null
      },
      {
        "name": "warningCount",
        "type": "number",
        "description": "Number of warnings",
        "options": null
      },
      {
        "name": "lastSeen",
        "type": "datetime",
        "description": "Last timestamp active",
        "options": null
      }
    ]
  },
  {
    "name": "activation_request",
    "fields": [
      {
        "name": "studentId",
        "type": "text",
        "description": "Registration Number",
        "options": null
      },
      {
        "name": "studentName",
        "type": "text",
        "description": "Name of student",
        "options": null
      },
      {
        "name": "status",
        "type": "text",
        "description": "pending, approved, rejected",
        "options": [
          "pending",
          "approved",
          "rejected"
        ]
      },
      {
        "name": "receipt",
        "type": "text",
        "description": "Proof of payment image URL",
        "options": null
      },
      {
        "name": "submittedAt",
        "type": "datetime",
        "description": "Date of submission",
        "options": null
      },
      {
        "name": "approvedAt",
        "type": "datetime",
        "description": "Date of approval",
        "options": null
      }
    ]
  }
]